{"CU": [-1, 0.0, 499.0, 830.0, 1168.0, 1576.0, 2119.0, 2924.0, 4276.0, 7136.0, 294818.0, 294818000.0], "AU": [-1, 0.0, 238.0, 408.0, 588.0, 798.0, 1064.0, 1430.0, 2014.0, 3243.555555555533, 134106.0, 134106000.0], "AG": [-1, 0.0, 1056.0, 1780.0, 2558.0, 3513.0, 4810.0, 6756.0, 10112.0, 17708.0, 797296.0, 797296000.0], "AL": [-1, 0.0, 106.0, 252.0, 464.0, 764.0, 1162.0, 1698.0, 2492.0, 4041.0, 165692.0, 165692000.0], "ZN": [-1, 0.0, 454.0, 871.0, 1318.0, 1864.0, 2572.0, 3599.0, 5222.0, 8662.0, 975232.0, 975232000.0], "PB": [-1, 0.0, 2.0, 18.0, 58.0, 126.0, 220.0, 344.0, 524.0, 886.0, 23874.0, 23874000.0], "NI": [-1, 0.0, 1046.0, 1980.0, 2916.0, 3900.0, 5054.0, 6510.0, 8658.0, 12752.0, 256382.0, 256382000.0], "SN": [-1, 0.0, 26.0, 64.0, 106.0, 162.0, 240.0, 355.0, 533.0, 884.222222222219, 17490.0, 17490000.0], "RU": [-1, 0.0, 1802.0, 2810.0, 3896.0, 5198.0, 6860.0, 9164.0, 12746.0, 19944.444444444438, 1099906.0, 1099906000.0], "BU": [-1, 0.0, 234.0, 1626.0, 3050.0, 4404.0, 5982.0, 8116.0, 11446.0, 18404.0, 301404.0, 301404000.0], "HC": [-1, 0.0, 80.0, 608.0, 1992.0, 3174.0, 4442.0, 6058.0, 8454.999999999985, 13038.0, 246254.0, 246254000.0], "SS": [-1, 0.0, 68.0, 154.0, 268.0, 412.0, 587.0, 807.0, 1134.0, 1792.0, 40365.0, 40365000.0], "SP": [-1, 0.0, 591.2222222222217, 1026.0, 1484.0, 2010.0, 2674.0, 3574.0, 4956.0, 7857.5555555555475, 264729.0, 264729000.0], "RB": [-1, 0.0, 7148.0, 12977.888888888883, 18735.0, 25246.0, 33526.0, 44474.0, 61458.22222222219, 94097.11111111107, 1744650.0, 1744650000.0], "J": [-1, 0.0, 148.0, 412.0, 884.0, 1570.0, 2470.0, 3757.3333333333285, 5890.0, 10872.0, 161366.0, 161366000.0], "JM": [-1, 0.0, 328.0, 608.0, 953.0, 1420.0, 2050.0, 2942.0, 4354.0, 7426.0, 129536.0, 129536000.0], "I": [-1, 0.0, 2504.0, 4844.0, 7260.0, 10150.0, 13910.0, 19221.33333333333, 27626.0, 44020.22222222219, 865036.0, 865036000.0], "A": [-1, 0.0, 390.0, 670.0, 954.0, 1288.0, 1717.0, 2314.0, 3297.0, 5438.0, 537584.0, 537584000.0], "C": [-1, 0.0, 480.0, 1103.0, 1896.0, 2882.0, 4135.0, 5920.0, 8872.0, 15464.666666666657, 426836.0, 426836000.0], "L": [-1, 0.0, 1976.0, 3115.0, 4214.0, 5478.0, 7060.555555555562, 9306.0, 12912.0, 20046.0, 728526.0, 728526000.0], "PP": [-1, 0.0, 2546.0, 3860.0, 5018.0, 6232.0, 7704.0, 9696.0, 12864.0, 19575.0, 191572.0, 191572000.0], "V": [-1, 0.0, 80.0, 252.0, 560.0, 1120.0, 2024.0, 3432.0, 5878.0, 10506.666666666657, 135688.0, 135688000.0], "M": [-1, 0.0, 3864.0, 6134.0, 8361.333333333328, 10966.0, 14248.0, 18830.0, 26124.0, 41332.0, 1111088.0, 1111088000.0], "JD": [-1, 0.0, 638.0, 988.0, 1384.0, 1884.0, 2558.0, 3520.0, 5116.0, 8558.0, 110726.0, 110726000.0], "CS": [-1, 0.0, 351.0, 651.0, 962.3333333333285, 1336.0, 1852.0, 2644.0, 4108.0, 7729.222222222219, 174456.0, 174456000.0], "P": [-1, 0.0, 1456.0, 2594.0, 3862.0, 5358.0, 7143.0, 9374.0, 12632.0, 18815.333333333314, 379960.0, 379960000.0], "Y": [-1, 0.0, 1868.0, 3036.0, 4180.0, 5432.0, 6902.0, 8828.0, 11638.0, 17040.555555555533, 1023992.0, 1023992000.0], "SR": [-1, 0.0, 1721.0, 2627.0, 3638.0, 4960.0, 6830.0, 9834.0, 14956.666666666628, 26168.0, 1695288.0, 1695288000.0], "CF": [-1, 0.0, 440.0, 886.0, 1400.0, 2029.0, 2873.0, 4124.0, 6318.0, 11923.444444444438, 842956.0, 842956000.0], "TA": [-1, 0.0, 3500.0, 5849.0, 8278.0, 10994.0, 14240.666666666672, 18568.0, 25045.333333333314, 37619.333333333314, 1467212.0, 1467212000.0], "MA": [-1, 0.0, 362.0, 3052.0, 6380.0, 9267.0, 12426.0, 16556.0, 22683.555555555504, 34815.888888888876, 2014182.0, 2014182000.0], "RM": [-1, 0.0, 2621.7777777777774, 4198.0, 5833.3333333333285, 7755.0, 10258.88888888889, 13840.0, 19916.0, 33256.0, 822650.0, 822650000.0], "SA": [-1, 0.0, 546.5555555555557, 2024.0, 3818.0, 5766.222222222223, 7971.0, 10603.0, 14394.0, 21115.444444444445, 176882.0, 176882000.0], "UR": [-1, 0.0, 332.0, 533.0, 761.0, 1039.0, 1399.0, 1911.0, 2763.0, 4532.0, 99802.0, 99802000.0], "FG": [-1, 0.0, 806.0, 1454.0, 2256.0, 3334.0, 4804.0, 6976.0, 10688.0, 19100.0, 338590.0, 338590000.0], "ZC": [-1, 0.0, 26.0, 208.0, 542.0, 925.0, 1418.0, 2132.0, 3357.0, 6146.0, 132048.0, 132048000.0], "OI": [-1, 0.0, 272.0, 542.0, 873.0, 1300.0, 1874.0, 2678.0, 3892.0, 6121.0, 116208.0, 116208000.0], "CJ": [-1, 2.0, 95.0, 153.0, 233.0, 354.0, 549.0, 904.0, 1562.0, 3494.0, 169870.0, 169870000.0]}