{"CU": [-1, -0.006, -0.003, -0.0023333333333333335, -0.0016666666666666668, -0.001, -0.0003333333333333335, 0.00033333333333333305, 0.001, 0.0016666666666666661, 0.002333333333333333, 0.003, 0.006, 1], "AU": [-1, -0.006, -0.003, -0.0023333333333333335, -0.0016666666666666668, -0.001, -0.0003333333333333335, 0.00033333333333333305, 0.001, 0.0016666666666666661, 0.002333333333333333, 0.003, 0.006, 1], "AG": [-1, -0.006, -0.003, -0.0023333333333333335, -0.0016666666666666668, -0.001, -0.0003333333333333335, 0.00033333333333333305, 0.001, 0.0016666666666666661, 0.002333333333333333, 0.003, 0.006, 1], "AL": [-1, -0.006, -0.003, -0.0023333333333333335, -0.0016666666666666668, -0.001, -0.0003333333333333335, 0.00033333333333333305, 0.001, 0.0016666666666666661, 0.002333333333333333, 0.003, 0.006, 1], "ZN": [-1, -0.006, -0.003, -0.0023333333333333335, -0.0016666666666666668, -0.001, -0.0003333333333333335, 0.00033333333333333305, 0.001, 0.0016666666666666661, 0.002333333333333333, 0.003, 0.006, 1], "PB": [-1, -0.006, -0.003, -0.0023333333333333335, -0.0016666666666666668, -0.001, -0.0003333333333333335, 0.00033333333333333305, 0.001, 0.0016666666666666661, 0.002333333333333333, 0.003, 0.006, 1], "NI": [-1, -0.006, -0.003, -0.0023333333333333335, -0.0016666666666666668, -0.001, -0.0003333333333333335, 0.00033333333333333305, 0.001, 0.0016666666666666661, 0.002333333333333333, 0.003, 0.006, 1], "SN": [-1, -0.006, -0.003, -0.0023333333333333335, -0.0016666666666666668, -0.001, -0.0003333333333333335, 0.00033333333333333305, 0.001, 0.0016666666666666661, 0.002333333333333333, 0.003, 0.006, 1], "RU": [-1, -0.006, -0.003, -0.0023333333333333335, -0.0016666666666666668, -0.001, -0.0003333333333333335, 0.00033333333333333305, 0.001, 0.0016666666666666661, 0.002333333333333333, 0.003, 0.006, 1], "BU": [-1, -0.006, -0.003, -0.0023333333333333335, -0.0016666666666666668, -0.001, -0.0003333333333333335, 0.00033333333333333305, 0.001, 0.0016666666666666661, 0.002333333333333333, 0.003, 0.006, 1], "HC": [-1, -0.006, -0.003, -0.0023333333333333335, -0.0016666666666666668, -0.001, -0.0003333333333333335, 0.00033333333333333305, 0.001, 0.0016666666666666661, 0.002333333333333333, 0.003, 0.006, 1], "SS": [-1, -0.006, -0.003, -0.0023333333333333335, -0.0016666666666666668, -0.001, -0.0003333333333333335, 0.00033333333333333305, 0.001, 0.0016666666666666661, 0.002333333333333333, 0.003, 0.006, 1], "SP": [-1, -0.006, -0.003, -0.0023333333333333335, -0.0016666666666666668, -0.001, -0.0003333333333333335, 0.00033333333333333305, 0.001, 0.0016666666666666661, 0.002333333333333333, 0.003, 0.006, 1], "RB": [-1, -0.006, -0.003, -0.0023333333333333335, -0.0016666666666666668, -0.001, -0.0003333333333333335, 0.00033333333333333305, 0.001, 0.0016666666666666661, 0.002333333333333333, 0.003, 0.006, 1], "J": [-1, -0.006, -0.003, -0.0023333333333333335, -0.0016666666666666668, -0.001, -0.0003333333333333335, 0.00033333333333333305, 0.001, 0.0016666666666666661, 0.002333333333333333, 0.003, 0.006, 1], "JM": [-1, -0.006, -0.003, -0.0023333333333333335, -0.0016666666666666668, -0.001, -0.0003333333333333335, 0.00033333333333333305, 0.001, 0.0016666666666666661, 0.002333333333333333, 0.003, 0.006, 1], "I": [-1, -0.006, -0.003, -0.0023333333333333335, -0.0016666666666666668, -0.001, -0.0003333333333333335, 0.00033333333333333305, 0.001, 0.0016666666666666661, 0.002333333333333333, 0.003, 0.006, 1], "A": [-1, -0.006, -0.003, -0.0023333333333333335, -0.0016666666666666668, -0.001, -0.0003333333333333335, 0.00033333333333333305, 0.001, 0.0016666666666666661, 0.002333333333333333, 0.003, 0.006, 1], "C": [-1, -0.006, -0.003, -0.0023333333333333335, -0.0016666666666666668, -0.001, -0.0003333333333333335, 0.00033333333333333305, 0.001, 0.0016666666666666661, 0.002333333333333333, 0.003, 0.006, 1], "L": [-1, -0.006, -0.003, -0.0023333333333333335, -0.0016666666666666668, -0.001, -0.0003333333333333335, 0.00033333333333333305, 0.001, 0.0016666666666666661, 0.002333333333333333, 0.003, 0.006, 1], "PP": [-1, -0.006, -0.003, -0.0023333333333333335, -0.0016666666666666668, -0.001, -0.0003333333333333335, 0.00033333333333333305, 0.001, 0.0016666666666666661, 0.002333333333333333, 0.003, 0.006, 1], "V": [-1, -0.006, -0.003, -0.0023333333333333335, -0.0016666666666666668, -0.001, -0.0003333333333333335, 0.00033333333333333305, 0.001, 0.0016666666666666661, 0.002333333333333333, 0.003, 0.006, 1], "M": [-1, -0.006, -0.003, -0.0023333333333333335, -0.0016666666666666668, -0.001, -0.0003333333333333335, 0.00033333333333333305, 0.001, 0.0016666666666666661, 0.002333333333333333, 0.003, 0.006, 1], "JD": [-1, -0.006, -0.003, -0.0023333333333333335, -0.0016666666666666668, -0.001, -0.0003333333333333335, 0.00033333333333333305, 0.001, 0.0016666666666666661, 0.002333333333333333, 0.003, 0.006, 1], "CS": [-1, -0.006, -0.003, -0.0023333333333333335, -0.0016666666666666668, -0.001, -0.0003333333333333335, 0.00033333333333333305, 0.001, 0.0016666666666666661, 0.002333333333333333, 0.003, 0.006, 1], "P": [-1, -0.006, -0.003, -0.0023333333333333335, -0.0016666666666666668, -0.001, -0.0003333333333333335, 0.00033333333333333305, 0.001, 0.0016666666666666661, 0.002333333333333333, 0.003, 0.006, 1], "Y": [-1, -0.006, -0.003, -0.0023333333333333335, -0.0016666666666666668, -0.001, -0.0003333333333333335, 0.00033333333333333305, 0.001, 0.0016666666666666661, 0.002333333333333333, 0.003, 0.006, 1], "SR": [-1, -0.006, -0.003, -0.0023333333333333335, -0.0016666666666666668, -0.001, -0.0003333333333333335, 0.00033333333333333305, 0.001, 0.0016666666666666661, 0.002333333333333333, 0.003, 0.006, 1], "CF": [-1, -0.006, -0.003, -0.0023333333333333335, -0.0016666666666666668, -0.001, -0.0003333333333333335, 0.00033333333333333305, 0.001, 0.0016666666666666661, 0.002333333333333333, 0.003, 0.006, 1], "TA": [-1, -0.006, -0.003, -0.0023333333333333335, -0.0016666666666666668, -0.001, -0.0003333333333333335, 0.00033333333333333305, 0.001, 0.0016666666666666661, 0.002333333333333333, 0.003, 0.006, 1], "MA": [-1, -0.006, -0.003, -0.0023333333333333335, -0.0016666666666666668, -0.001, -0.0003333333333333335, 0.00033333333333333305, 0.001, 0.0016666666666666661, 0.002333333333333333, 0.003, 0.006, 1], "RM": [-1, -0.006, -0.003, -0.0023333333333333335, -0.0016666666666666668, -0.001, -0.0003333333333333335, 0.00033333333333333305, 0.001, 0.0016666666666666661, 0.002333333333333333, 0.003, 0.006, 1], "SA": [-1, -0.006, -0.003, -0.0023333333333333335, -0.0016666666666666668, -0.001, -0.0003333333333333335, 0.00033333333333333305, 0.001, 0.0016666666666666661, 0.002333333333333333, 0.003, 0.006, 1], "UR": [-1, -0.006, -0.003, -0.0023333333333333335, -0.0016666666666666668, -0.001, -0.0003333333333333335, 0.00033333333333333305, 0.001, 0.0016666666666666661, 0.002333333333333333, 0.003, 0.006, 1], "FG": [-1, -0.006, -0.003, -0.0023333333333333335, -0.0016666666666666668, -0.001, -0.0003333333333333335, 0.00033333333333333305, 0.001, 0.0016666666666666661, 0.002333333333333333, 0.003, 0.006, 1], "ZC": [-1, -0.006, -0.003, -0.0023333333333333335, -0.0016666666666666668, -0.001, -0.0003333333333333335, 0.00033333333333333305, 0.001, 0.0016666666666666661, 0.002333333333333333, 0.003, 0.006, 1], "OI": [-1, -0.006, -0.003, -0.0023333333333333335, -0.0016666666666666668, -0.001, -0.0003333333333333335, 0.00033333333333333305, 0.001, 0.0016666666666666661, 0.002333333333333333, 0.003, 0.006, 1], "CJ": [-1, -0.006, -0.003, -0.0023333333333333335, -0.0016666666666666668, -0.001, -0.0003333333333333335, 0.00033333333333333305, 0.001, 0.0016666666666666661, 0.002333333333333333, 0.003, 0.006, 1]}