{"A": [-1, 7338.0, 34642.0, 58186.0, 88528.0, 114088.0, 146264.0, 184999.0, 241440.0, 336184.0, 2202178.0, 22021780.0], "AG": [-1, 18450.0, 106981.99999999999, 145568.0, 177799.3333333333, 213718.0, 258807.55555555568, 314017.0, 386166.0, 520308.66666666645, 1714312.0, 17143120.0], "AL": [-1, 2056.0, 5478.0, 7356.0, 9482.0, 13391.555555555555, 19840.000000000004, 32446.66666666659, 61306.0, 110996.44444444442, 567358.0, 5673580.0], "AU": [-1, 5610.0, 14896.888888888887, 20439.333333333332, 26063.999999999993, 34244.88888888889, 41706.0, 53380.666666666664, 69142.0, 100018.0, 321656.0, 3216560.0], "BU": [-1, 0.0, 44.0, 1328.0, 3104.0, 7390.0, 16020.0, 81970.0, 329132.0, 722044.0, 2222805.0, 22228050.0], "C": [-1, 7640.0, 39022.22222222222, 64823.555555555526, 105569.33333333324, 166712.0, 240640.0, 329800.0, 460208.22222222184, 738032.0, 3729624.0, 37296240.0], "CF": [-1, 1814.0, 18332.0, 43665.333333333336, 74758.0, 115378.88888888889, 172723.55555555556, 267548.0, 425419.0, 1188072.444444444, 3204574.0, 32045740.0], "CJ": [-1, 172.0, 10459.0, 13454.222222222223, 16840.99999999999, 21753.777777777774, 30508.0, 55599.0, 99894.0, 181096.0, 2054258.0, 20542580.0], "CS": [-1, 3930.0, 27243.55555555555, 79107.33333333333, 121996.0, 159798.44444444444, 203564.0, 286088.0, 391802.0, 545215.3333333334, 1389114.0, 13891140.0], "CU": [-1, 21283.0, 100608.0, 141282.66666666666, 182285.33333333328, 215969.77777777775, 270486.0, 330984.0, 409923.3333333332, 548834.0, 1304338.0, 13043380.0], "FG": [-1, 48637.0, 163992.0, 241192.0, 312125.0, 397414.0, 503746.0, 753280.0, 1151726.0, 1840648.0, 4242388.0, 42423880.0], "HC": [-1, 566.0, 3915.555555555555, 5892.444444444444, 8149.333333333333, 11062.222222222223, 17354.0, 119890.0, 226383.99999999988, 350231.11111111066, 855493.0, 8554930.0], "I": [-1, 16920.0, 74898.0, 182054.66666666666, 508364.99999999977, 631706.0, 737144.2222222222, 864542.0, 1019298.222222222, 1225408.0, 3345718.0, 33457180.0], "J": [-1, 610.0, 3994.0, 8398.66666666666, 45206.0, 148460.0, 394130.0, 536234.6666666663, 739560.0, 1061001.3333333333, 2384110.0, 23841100.0], "JD": [-1, 1636.0, 71560.44444444444, 89786.0, 112042.0, 133328.0, 160705.0, 203123.3333333333, 261674.0, 346459.7777777774, 909420.0, 9094200.0], "JM": [-1, 25628.0, 71454.0, 120598.66666666666, 168280.0, 212119.77777777778, 284758.0, 355059.33333333314, 481242.0, 656321.7777777776, 1241030.0, 12410300.0], "L": [-1, 32454.0, 226243.77777777778, 313776.0, 383016.6666666666, 450972.0, 521108.0, 608202.6666666663, 732038.0, 913080.222222222, 2325582.0, 23255820.0], "M": [-1, 51644.0, 285364.0, 423218.0, 579492.0, 746094.0, 949786.0, 1221882.0, 1531012.0, 2065792.0, 7366808.0, 73668080.0], "MA": [-1, 678.0, 2830.0, 6672.0, 16614.0, 29306.0, 41487.0, 59026.0, 94111.9999999999, 676951.9999999997, 2614395.0, 26143950.0], "NI": [-1, 75836.0, 143105.0, 207202.0, 256090.0, 327980.0, 372178.0, 411536.0, 483026.0, 550513.0, 939754.0, 9397540.0], "OI": [-1, 2598.0, 12834.0, 21008.0, 29165.33333333333, 37533.1111111111, 46926.0, 63246.0, 88347.55555555553, 150356.0, 832086.0, 8320860.0], "P": [-1, 9716.0, 123228.0, 165784.0, 211544.0, 261012.0, 328208.0, 427022.0, 538255.9999999999, 716786.0, 1706784.0, 17067840.0], "PB": [-1, 10.0, 112.0, 176.0, 238.0, 344.0, 504.0, 1040.0, 2508.0, 12195.0, 105569.0, 1055690.0], "PP": [-1, 17758.0, 198052.0, 278324.0, 332274.0, 387121.0, 440276.0, 502702.0, 608963.3333333329, 931414.0, 3631278.0, 36312780.0], "RB": [-1, 51028.0, 436308.0, 665032.0, 1017184.0, 1308033.0, 1641251.0, 2043512.0, 2501390.0, 3457964.0, 9108300.0, 91083000.0], "RM": [-1, 58246.0, 349718.0, 518033.22222222225, 735246.0, 1040304.6666666667, 1312136.0, 1530060.0, 1819550.0, 2226924.0, 4593910.0, 45939100.0], "RU": [-1, 28046.0, 291596.0, 424050.0, 499142.0, 581160.0, 664312.0, 759502.0, 903101.9999999998, 1211450.0, 2262620.0, 22626200.0], "SA": [-1, 4793.0, 9295.0, 12550.0, 15405.0, 17800.0, 20503.0, 25192.0, 62990.9999999999, 715613.9999999984, 1600711.0, 16007110.0], "SN": [-1, 104.0, 6460.0, 9114.0, 12296.0, 16324.0, 26805.0, 34650.0, 44055.0, 59798.0, 154649.0, 1546490.0], "SP": [-1, 29395.0, 41041.0, 52550.0, 61220.0, 66356.0, 75973.0, 85215.33333333333, 122508.0, 244721.66666666663, 560120.0, 5601200.0], "SR": [-1, 38222.0, 268628.0, 379344.0, 503825.33333333326, 651786.0, 828922.0, 1040511.3333333328, 1315012.0, 1871268.0, 4118400.0, 41184000.0], "SS": [-1, 3656.0, 8144.888888888889, 11265.222222222223, 13520.666666666666, 16035.77777777778, 19733.555555555555, 25731.99999999999, 37841.11111111106, 76184.88888888889, 202501.0, 2025010.0], "TA": [-1, 20127.0, 244234.0, 367884.0, 485980.0, 582832.6666666666, 705190.0, 864258.0, 1061137.3333333333, 1359456.0, 2947836.0, 29478360.0], "UR": [-1, 3052.0, 33374.0, 49178.666666666664, 61527.0, 75021.0, 90805.66666666667, 112746.0, 131680.0, 174610.33333333326, 659400.0, 6594000.0], "V": [-1, 614.0, 5525.333333333333, 10204.0, 18664.666666666664, 31091.111111111106, 51086.000000000044, 92486.0, 175484.0, 277969.11111111095, 1289343.0, 12893430.0], "Y": [-1, 32942.0, 256328.0, 328364.0, 379208.0, 431594.0, 488776.0, 559346.0, 679562.0, 835956.0, 2048990.0, 20489900.0], "ZC": [-1, 0.0, 9574.0, 16645.11111111111, 24358.0, 33670.88888888889, 42244.0, 55830.666666666664, 81168.0, 131743.5555555555, 903874.0, 9038740.0], "ZN": [-1, 12354.0, 42630.0, 64909.777777777774, 91151.99999999999, 138660.0, 203066.0, 299508.6666666665, 471412.0, 847106.4444444438, 2734994.0, 27349940.0]}