{"A": [-1, 0.0, 1518.0, 2944.0, 4526.0, 6337.555555555555, 8548.0, 11627.333333333328, 16452.0, 26945.11111111111, 554194.0, 5541940.0], "AG": [-1, 0.0, 4676.888888888889, 8384.888888888889, 12500.0, 17606.777777777777, 24592.88888888889, 34987.99999999999, 52413.333333333314, 91390.0, 1078038.0, 10780380.0], "AL": [-1, 0.0, 582.0, 1162.0, 2024.0, 3352.0, 5186.0, 7839.0, 11781.333333333328, 18736.0, 176138.0, 1761380.0], "AU": [-1, 0.0, 1042.0, 1914.0, 2914.0, 4075.0, 5518.0, 7484.0, 10555.999999999993, 16640.0, 250252.0, 2502520.0], "BU": [-1, 0.0, 1045.5555555555557, 5385.333333333334, 11199.333333333332, 19011.11111111111, 28019.777777777777, 39136.66666666665, 55128.88888888888, 86071.33333333334, 924180.0, 9241800.0], "C": [-1, 0.0, 2740.0, 5688.0, 9662.0, 14572.0, 21252.66666666667, 30644.0, 46442.0, 81531.33333333327, 779960.0, 7799600.0], "CF": [-1, 0.0, 1864.0, 3818.0, 6218.0, 9368.0, 13900.0, 20405.0, 31174.666666666664, 57712.0, 842956.0, 8429560.0], "CJ": [-1, 34.0, 476.0, 838.5555555555554, 1343.333333333333, 2133.111111111111, 3416.0, 5202.33333333333, 9173.0, 21688.333333333325, 507924.0, 5079240.0], "CS": [-1, 0.0, 1407.7777777777774, 2980.7777777777774, 4684.666666666666, 6640.0, 9376.0, 13807.333333333328, 22458.66666666665, 44633.11111111104, 457282.0, 4572820.0], "CU": [-1, 0.0, 1858.0, 3724.0, 5708.0, 7977.0, 10928.0, 15176.0, 21993.0, 36102.0, 305294.0, 3052940.0], "FG": [-1, 0.0, 3758.2222222222217, 6778.888888888887, 10624.0, 15960.66666666666, 23398.222222222226, 34862.0, 53916.33333333332, 94786.99999999994, 962690.0, 9626900.0], "HC": [-1, 0.0, 448.0, 2180.666666666666, 6649.0, 12504.666666666657, 19592.0, 28028.0, 39899.66666666666, 60178.66666666664, 354320.0, 3543200.0], "I": [-1, 0.0, 10529.222222222223, 22127.88888888889, 35271.999999999985, 49542.0, 68296.0, 94339.33333333333, 134524.2222222222, 202437.7777777778, 1552208.0, 15522080.0], "J": [-1, 0.0, 700.0, 1886.666666666666, 3784.0, 6830.0, 11638.000000000007, 18449.0, 29009.333333333314, 52163.999999999985, 509198.0, 5091980.0], "JD": [-1, 0.0, 3100.0, 5292.888888888889, 7864.666666666666, 11206.888888888889, 15991.111111111111, 22420.666666666664, 31573.999999999978, 49483.88888888889, 314586.0, 3145860.0], "JM": [-1, 0.0, 1306.4444444444443, 2698.0, 4299.333333333332, 6559.555555555555, 9732.0, 14328.666666666657, 21742.22222222222, 36654.777777777774, 360330.0, 3603300.0], "L": [-1, 0.0, 6758.0, 14136.0, 21226.0, 28630.0, 38222.0, 51379.0, 71503.0, 110114.0, 745580.0, 7455800.0], "M": [-1, 0.0, 13754.666666666666, 25868.22222222222, 39318.33333333333, 54679.33333333333, 72518.11111111111, 95602.0, 130684.0, 204356.88888888888, 1634934.0, 16349340.0], "MA": [-1, 0.0, 1668.0, 8787.333333333332, 20622.0, 37486.33333333332, 56951.00000000001, 79249.0, 109317.99999999994, 164875.3333333333, 2014182.0, 20141820.0], "NI": [-1, 0.0, 4022.111111111111, 7552.666666666665, 12634.666666666664, 18908.0, 25828.0, 33951.33333333333, 44780.44444444438, 63073.777777777774, 528694.0, 5286940.0], "OI": [-1, 0.0, 1186.0, 2282.0, 3640.0, 5388.0, 7886.0, 11868.0, 18078.0, 29449.0, 334322.0, 3343220.0], "P": [-1, 0.0, 6218.666666666666, 10798.0, 16320.0, 23694.0, 33206.00000000001, 45806.0, 62658.66666666666, 90847.66666666666, 854952.0, 8549520.0], "PB": [-1, 0.0, 16.0, 90.0, 261.0, 524.0, 972.0, 1602.0, 2536.222222222219, 4244.222222222219, 54570.0, 545700.0], "PP": [-1, 0.0, 6888.0, 13918.0, 23094.0, 30964.0, 39746.0, 50800.0, 68123.99999999997, 99692.0, 620204.0, 6202040.0], "RB": [-1, 0.0, 28895.555555555555, 54351.11111111111, 85697.99999999999, 119672.0, 163258.0, 218855.99999999997, 299918.44444444444, 435746.0, 3770072.0, 37700720.0], "RM": [-1, 0.0, 8761.444444444445, 16565.777777777777, 26350.333333333325, 37175.777777777774, 50148.88888888889, 68064.0, 97208.22222222222, 164792.6666666666, 1506636.0, 15066360.0], "RU": [-1, 0.0, 6682.222222222222, 12293.444444444438, 18074.0, 24918.0, 33912.666666666664, 45673.999999999985, 63993.111111111095, 100128.22222222219, 1123684.0, 11236840.0], "SA": [-1, 0.0, 2468.8888888888887, 6700.0, 13148.666666666666, 22056.777777777777, 34796.22222222222, 51386.666666666664, 70186.55555555553, 100987.11111111111, 419101.0, 4191010.0], "SN": [-1, 0.0, 128.0, 298.0, 496.0, 734.0, 1080.0, 1610.0, 2515.7777777777737, 4304.888888888887, 45719.0, 457190.0], "SP": [-1, 0.0, 2214.0, 3894.0, 6022.0, 8825.0, 12382.0, 17034.0, 24100.999999999993, 37120.0, 360858.0, 3608580.0], "SR": [-1, 0.0, 6423.777777777777, 12172.0, 18185.333333333332, 25424.0, 35655.77777777778, 51096.66666666664, 77489.3333333333, 136386.66666666663, 1725766.0, 17257660.0], "SS": [-1, 0.0, 322.0, 659.5555555555552, 1120.333333333333, 1770.1111111111104, 2678.0, 3883.0, 5609.33333333333, 8837.22222222222, 108234.0, 1082340.0], "TA": [-1, 0.0, 13558.0, 24449.11111111111, 36667.33333333333, 51674.666666666664, 70471.55555555556, 93332.66666666666, 125489.11111111107, 182446.11111111112, 1867620.0, 18676200.0], "UR": [-1, 29.0, 1460.6666666666665, 2606.0, 3984.0, 5708.0, 8060.0, 11841.0, 17816.33333333333, 28811.0, 244030.0, 2440300.0], "V": [-1, 0.0, 501.6666666666665, 1342.0, 2814.0, 5111.333333333332, 8773.333333333336, 14662.0, 26280.666666666628, 51204.0, 366485.0, 3664850.0], "Y": [-1, 0.0, 6616.0, 11932.0, 18260.0, 25738.0, 34150.0, 44840.0, 60400.99999999997, 87018.0, 1045386.0, 10453860.0], "ZC": [-1, 0.0, 128.0, 926.6666666666661, 2334.0, 4267.999999999996, 6692.0, 10102.0, 15952.0, 28305.333333333307, 306032.0, 3060320.0], "ZN": [-1, 0.0, 1831.0, 3717.0, 6085.0, 8894.666666666664, 12668.666666666672, 18146.0, 26767.33333333333, 43032.0, 1014838.0, 10148380.0]}