{"A": [-1, 0.0, 1146.0, 1951.0, 2785.0, 3716.0, 4876.0, 6488.0, 9050.0, 14604.0, 554194.0, 5541940.0], "AG": [-1, 0.0, 3068.0, 5118.666666666664, 7340.0, 10027.333333333328, 13664.0, 19008.0, 28110.0, 48589.333333333256, 828180.0, 8281800.0], "AL": [-1, 0.0, 358.0, 766.0, 1322.0, 2132.0, 3206.0, 4617.0, 6640.0, 10412.0, 171972.0, 1719720.0], "AU": [-1, 0.0, 710.0, 1181.0, 1706.0, 2311.0, 3060.0, 4056.0, 5596.0, 8774.0, 181598.0, 1815980.0], "BU": [-1, 0.0, 660.0, 4373.111111111111, 8406.0, 12209.222222222223, 16631.777777777777, 22234.0, 30880.66666666665, 47308.444444444445, 655426.0, 6554260.0], "C": [-1, 0.0, 1696.0, 3588.0, 5888.0, 8659.777777777774, 12164.0, 16927.33333333333, 25237.333333333285, 43261.55555555555, 548268.0, 5482680.0], "CF": [-1, 0.0, 1287.1111111111104, 2529.222222222221, 3936.0, 5726.444444444442, 8103.555555555555, 11536.0, 17364.0, 31820.0, 842956.0, 8429560.0], "CJ": [-1, 5.0, 293.0, 485.0, 736.0, 1113.0, 1784.8888888888887, 2860.0, 4891.0, 11040.222222222208, 322156.0, 3221560.0], "CS": [-1, 0.0, 1080.5555555555557, 1932.0, 2844.666666666666, 3888.2222222222226, 5290.0, 7547.333333333332, 12069.888888888887, 23056.88888888889, 351970.0, 3519700.0], "CU": [-1, 0.0, 1378.0, 2358.0, 3373.0, 4544.0, 6092.0, 8366.0, 12023.333333333314, 19486.0, 305218.0, 3052180.0], "FG": [-1, 0.0, 2487.0, 4328.0, 6576.0, 9572.0, 13800.111111111113, 19724.0, 30006.0, 52073.99999999993, 581484.0, 5814840.0], "HC": [-1, 0.0, 258.0, 1610.0, 5327.3333333333285, 8628.0, 12189.444444444445, 16384.0, 22468.888888888876, 33692.33333333333, 229005.0, 2290050.0], "I": [-1, 0.0, 7847.555555555556, 14666.222222222223, 21544.0, 29768.666666666668, 39878.33333333333, 53794.0, 74748.0, 113123.33333333334, 966422.0, 9664220.0], "J": [-1, 0.0, 464.0, 1200.0, 2504.0, 4421.222222222219, 7033.555555555562, 10710.0, 16387.888888888883, 29114.888888888876, 318518.0, 3185180.0], "JD": [-1, 0.0, 1968.0, 3176.0, 4444.0, 6002.0, 8228.0, 11323.333333333328, 16116.0, 25536.777777777774, 221390.0, 2213900.0], "JM": [-1, 0.0, 972.0, 1751.7777777777774, 2711.0, 4020.0, 5804.0, 8276.0, 12143.333333333314, 19992.0, 255010.0, 2550100.0], "L": [-1, 0.0, 5609.888888888889, 9006.777777777777, 12423.0, 16215.11111111111, 21074.0, 27607.33333333333, 37466.888888888876, 56232.66666666666, 745580.0, 7455800.0], "M": [-1, 0.0, 10894.0, 17598.0, 24034.0, 31474.0, 40540.0, 52715.0, 71495.99999999999, 110351.0, 1142176.0, 11421760.0], "MA": [-1, 0.0, 1066.0, 7112.0, 16753.0, 25204.0, 34190.333333333336, 45334.0, 61244.666666666664, 91220.3333333333, 2014182.0, 20141820.0], "NI": [-1, 0.0, 2902.0, 5366.0, 8082.0, 11007.444444444442, 14308.0, 18374.0, 23940.0, 33975.55555555553, 375956.0, 3759560.0], "OI": [-1, 0.0, 814.0, 1542.0, 2398.0, 3468.0, 4944.0, 7052.0, 10388.0, 16285.0, 228045.0, 2280450.0], "P": [-1, 0.0, 4416.0, 7404.0, 10686.0, 14714.0, 19692.333333333336, 25696.0, 34234.66666666663, 49280.0, 680038.0, 6800380.0], "PB": [-1, 0.0, 10.0, 58.0, 172.0, 346.0, 606.0, 952.0, 1436.0, 2353.555555555562, 34143.0, 341430.0], "PP": [-1, 0.0, 6455.666666666666, 10491.333333333332, 14062.0, 17670.666666666664, 21884.0, 27546.0, 36251.33333333333, 52994.0, 434272.0, 4342720.0], "RB": [-1, 0.0, 21114.0, 37046.88888888889, 53440.0, 72257.55555555556, 94570.44444444445, 123663.99999999999, 165308.2222222222, 242146.0, 2410286.0, 24102860.0], "RM": [-1, 0.0, 7222.0, 11688.0, 16347.999999999993, 21725.11111111111, 28611.444444444445, 38226.66666666666, 54438.44444444444, 89654.66666666666, 822650.0, 8226500.0], "RU": [-1, 0.0, 5195.0, 7980.0, 11087.0, 14836.0, 19472.0, 25712.0, 35070.0, 53494.0, 1123684.0, 11236840.0], "SA": [-1, 0.0, 1556.0, 5372.444444444443, 9933.666666666666, 15312.0, 21696.777777777777, 29075.33333333333, 38804.444444444416, 54855.66666666665, 238869.0, 2388690.0], "SN": [-1, 0.0, 86.0, 192.0, 310.0, 450.0, 642.0, 948.0, 1431.0, 2366.0, 30802.0, 308020.0], "SP": [-1, 0.0, 1718.333333333333, 2808.0, 4043.0, 5506.0, 7297.666666666668, 9718.0, 13511.333333333332, 20572.666666666642, 198424.0, 1984240.0], "SR": [-1, 0.0, 4806.0, 7648.0, 10655.333333333332, 14516.0, 19918.0, 28352.0, 42646.0, 72031.11111111111, 1725766.0, 17257660.0], "SS": [-1, 0.0, 218.8888888888887, 447.0, 728.0, 1107.5555555555547, 1593.4444444444453, 2219.333333333332, 3097.222222222219, 4790.1111111111095, 71063.0, 710630.0], "TA": [-1, 0.0, 9924.555555555555, 16600.0, 23550.999999999993, 31050.444444444438, 40077.77777777778, 51636.66666666666, 68284.0, 98935.5555555555, 1467212.0, 14672120.0], "UR": [-1, 4.0, 958.0, 1578.0, 2305.0, 3200.333333333333, 4312.666666666667, 5983.0, 8952.333333333328, 14796.666666666664, 152292.0, 1522920.0], "V": [-1, 0.0, 294.0, 800.0, 1742.0, 3229.0, 5626.0, 9228.666666666657, 15586.0, 28125.777777777774, 214570.0, 2145700.0], "Y": [-1, 0.0, 5231.0, 8446.0, 11658.0, 15256.0, 19382.0, 24578.0, 32237.999999999985, 46010.0, 1045386.0, 10453860.0], "ZC": [-1, 0.0, 83.0, 615.3333333333321, 1546.0, 2680.0, 4004.0, 5925.0, 9174.0, 16091.666666666664, 207560.0, 2075600.0], "ZN": [-1, 0.0, 1331.0, 2478.0, 3718.0, 5228.0, 7238.0, 10160.0, 14606.0, 23261.555555555533, 1014838.0, 10148380.0]}