{"A": [-1, 0.0, 2794.0, 5097.555555555556, 8060.0, 11641.111111111111, 15916.0, 21688.33333333333, 31090.444444444365, 50104.33333333334, 754494.0, 7544940.0], "AG": [-1, 0.0, 9487.111111111111, 15516.0, 22876.0, 32334.222222222223, 45384.0, 64825.666666666664, 97338.22222222213, 169258.00000000003, 2007156.0, 20071560.0], "AL": [-1, 0.0, 844.0, 1780.0, 3190.0, 5270.666666666664, 8685.333333333336, 13938.0, 21099.33333333333, 33280.66666666664, 298620.0, 2986200.0], "AU": [-1, 0.0, 2180.0, 3541.333333333332, 5154.0, 7236.0, 9932.0, 13652.0, 19640.666666666664, 30784.666666666628, 352560.0, 3525600.0], "BU": [-1, 0.0, 1457.5555555555547, 7060.0, 13555.333333333332, 25912.22222222222, 43642.333333333336, 65533.0, 97037.0, 151079.77777777766, 1533136.0, 15331360.0], "C": [-1, 0.0, 5016.0, 9795.555555555555, 15875.333333333332, 25032.0, 37461.111111111124, 55731.0, 84578.88888888886, 147517.0, 1199060.0, 11990600.0], "CF": [-1, 0.0, 3556.0, 6529.333333333332, 10668.0, 16556.0, 25123.333333333343, 37288.0, 58145.99999999997, 104237.99999999985, 1050098.0, 10500980.0], "CJ": [-1, 34.0, 863.0, 1587.5555555555554, 2673.0, 4276.111111111111, 6144.0, 9480.666666666664, 17238.888888888887, 39756.0, 640272.0, 6402720.0], "CS": [-1, 0.0, 2209.0, 4856.0, 8267.0, 12376.0, 17619.0, 26522.0, 43535.99999999998, 86608.0, 682956.0, 6829560.0], "CU": [-1, 0.0, 2684.4444444444443, 6344.0, 10027.333333333332, 14342.777777777777, 19992.88888888889, 28231.999999999956, 41701.111111111066, 68929.33333333328, 453938.0, 4539380.0], "FG": [-1, 0.0, 7098.0, 12218.0, 18892.0, 28600.0, 42822.0, 64584.0, 100329.9999999998, 179027.0, 1466652.0, 14666520.0], "HC": [-1, 0.0, 801.7777777777774, 3092.6666666666642, 7793.333333333332, 16498.0, 31684.222222222255, 48284.666666666635, 70967.88888888888, 106558.22222222219, 518377.0, 5183770.0], "I": [-1, 0.0, 16343.555555555553, 37731.33333333333, 60892.0, 88610.0, 123064.22222222222, 172562.66666666663, 243468.6666666666, 365838.0, 1925266.0, 19252660.0], "J": [-1, 0.0, 1222.4444444444443, 3310.0, 6538.0, 12277.11111111111, 21363.55555555556, 34092.666666666664, 54397.11111111111, 101869.77777777777, 838590.0, 8385900.0], "JD": [-1, 0.0, 5727.222222222223, 9790.888888888889, 15044.0, 22245.555555555555, 30681.111111111113, 41522.66666666665, 57039.999999999985, 89566.0, 467742.0, 4677420.0], "JM": [-1, 0.0, 2204.0, 4794.0, 7814.0, 12188.0, 17816.0, 26478.0, 40785.99999999999, 69740.0, 634676.0, 6346760.0], "L": [-1, 0.0, 11100.666666666664, 24763.333333333332, 38166.0, 53606.66666666665, 73033.33333333334, 98896.0, 137307.99999999997, 200740.66666666657, 937234.0, 9372340.0], "M": [-1, 0.0, 23030.222222222223, 44080.22222222222, 69149.33333333333, 96758.88888888889, 130372.0, 174505.33333333326, 240463.11111111098, 379695.3333333334, 2126552.0, 21265520.0], "MA": [-1, 0.0, 2382.0, 12934.0, 27482.0, 57464.0, 93382.0, 136280.0, 192866.99999999988, 286781.0, 2350362.0, 23503620.0], "NI": [-1, 0.0, 4961.555555555555, 9772.555555555555, 18946.333333333332, 31028.0, 44912.444444444445, 61217.99999999999, 82109.55555555553, 115789.111111111, 679728.0, 6797280.0], "OI": [-1, 0.0, 2200.333333333333, 3908.0, 6026.0, 9016.666666666664, 13462.666666666675, 20322.0, 30856.999999999993, 51550.66666666664, 509544.0, 5095440.0], "P": [-1, 0.0, 10515.11111111111, 18350.22222222222, 29068.0, 43561.3333333333, 60680.0, 82622.66666666666, 113742.44444444441, 165152.77777777743, 1324276.0, 13242760.0], "PB": [-1, 0.0, 28.0, 134.0, 354.0, 790.0, 1485.8888888888887, 2678.0, 4436.0, 7672.8888888888905, 82378.0, 823780.0], "PP": [-1, 0.0, 9123.111111111111, 21198.444444444438, 40059.33333333333, 55836.888888888876, 73147.11111111111, 95204.0, 125424.88888888888, 181678.88888888864, 1185402.0, 11854020.0], "RB": [-1, 0.0, 40482.11111111111, 82872.22222222222, 134238.0, 200543.3333333333, 286076.8888888889, 393956.6666666665, 537064.6666666665, 775127.1111111103, 5129268.0, 51292680.0], "RM": [-1, 0.0, 13766.333333333332, 29934.666666666664, 47270.0, 66576.0, 91441.33333333334, 125119.0, 182299.99999999994, 311211.33333333326, 1927966.0, 19279660.0], "RU": [-1, 0.0, 8211.333333333332, 18626.666666666664, 30084.0, 43880.666666666664, 61557.333333333336, 85410.0, 122894.66666666661, 189435.99999999997, 1150320.0, 11503200.0], "SA": [-1, 0.0, 3639.0, 8423.0, 15329.0, 28950.0, 54444.0, 84241.0, 121769.99999999994, 182643.0, 622930.0, 6229300.0], "SN": [-1, 0.0, 174.0, 429.0, 774.0, 1226.0, 1874.0, 2808.0, 4416.0, 7728.444444444442, 64854.0, 648540.0], "SP": [-1, 0.0, 2836.0, 5018.0, 8666.0, 13689.0, 20366.0, 28992.0, 42079.99999999994, 64190.0, 563158.0, 5631580.0], "SR": [-1, 0.0, 11641.0, 22422.22222222222, 33830.66666666666, 47880.55555555555, 67611.11111111112, 98118.0, 152541.5555555555, 263807.5555555555, 1739914.0, 17399140.0], "SS": [-1, 0.0, 426.44444444444446, 975.0, 1788.666666666666, 2926.1111111111113, 4632.888888888889, 6914.333333333332, 9936.22222222222, 16104.88888888889, 144440.0, 1444400.0], "TA": [-1, 0.0, 23478.0, 41080.666666666664, 63974.0, 92718.66666666666, 126354.0, 168988.0, 229355.33333333314, 327191.33333333314, 2134990.0, 21349900.0], "UR": [-1, 44.0, 2730.0, 4779.333333333333, 7370.0, 11079.333333333332, 16335.000000000007, 23121.0, 33191.0, 50206.333333333285, 317712.0, 3177120.0], "V": [-1, 0.0, 982.0, 2297.5555555555547, 4547.666666666666, 7825.555555555555, 13423.777777777781, 24162.666666666664, 44293.333333333314, 85895.11111111107, 612929.0, 6129290.0], "Y": [-1, 0.0, 11142.0, 20424.0, 32702.0, 46546.0, 63704.0, 85002.0, 114427.99999999997, 163458.0, 1065756.0, 10657560.0], "ZC": [-1, 0.0, 261.6666666666665, 1756.666666666666, 4182.0, 7363.333333333332, 11620.0, 17886.0, 28107.999999999993, 49302.33333333324, 478405.0, 4784050.0], "ZN": [-1, 0.0, 2579.0, 5789.333333333332, 10126.0, 15385.0, 22337.333333333336, 32564.0, 48837.66666666666, 80740.66666666663, 1043638.0, 10436380.0]}